Symbol,Price,"Max Profit","Max Profit%","Max Loss",BE,Probability,"Exp Date","Leg1 Strike","Leg1 Bid","Leg2 Strike","Leg2 Ask"
MO,45.44,0.26,+108.33%,0.24,44.74,70.4%,2023-06-16,45,0.53,44.5,0.27
CVNA,21.77,0.71,+89.87%,0.79,20.79,56.7%,2023-06-16,21.5,2.24,20,1.53
AMD,128.7,0.94,+88.68%,1.06,127.06,56.1%,2023-06-16,128,3.65,126,2.71
AMD,128.7,1.35,+81.82%,1.65,126.65,57.6%,2023-06-16,128,3.65,125,2.3
AMD,128.7,0.45,+81.82%,0.55,127.55,54.3%,2023-06-16,128,3.65,127,3.2
CVNA,21.77,0.22,+78.57%,0.28,21.28,53.3%,2023-06-16,21.5,2.24,21,2.02
AMD,128.7,0.44,+78.57%,0.56,126.56,58.0%,2023-06-16,127,3.15,126,2.71
AMD,128.7,1.72,+75.44%,2.28,126.28,59.0%,2023-06-16,128,3.65,124,1.93
AMD,128.7,0.85,+73.91%,1.15,126.15,59.5%,2023-06-16,127,3.15,125,2.3
TSLA,249.98,0.35,+72.92%,0.48,247.15,56.4%,2023-06-16,247.5,5.4,246.67,5.05
UPST,33.92,0.42,+72.41%,0.58,32.58,62.1%,2023-06-16,33,1.26,32,0.84
UPST,33.92,0.21,+72.41%,0.29,32.79,60.2%,2023-06-16,33,1.26,32.5,1.05
AMD,128.7,2.04,+68.92%,2.96,125.96,60.2%,2023-06-16,128,3.65,123,1.61
AMD,128.7,1.22,+68.54%,1.78,125.78,60.8%,2023-06-16,127,3.15,124,1.93
MO,45.44,0.4,+66.67%,0.6,44.6,74.0%,2023-06-16,45,0.53,44,0.13
UPST,33.92,0.6,+66.67%,0.9,32.4,63.7%,2023-06-16,33,1.26,31.5,0.66
NFLX,422.05,2,+66.67%,3,418,58.1%,2023-06-16,420,6.45,415,4.45
TSLA,249.98,1,+66.67%,1.5,246.5,57.9%,2023-06-16,247.5,5.4,245,4.4
NVDA,389.66,1,+66.67%,1.5,386.5,56.3%,2023-06-16,387.5,6.15,385,5.15
TSLA,249.98,1.65,+65.48%,2.52,245.85,59.3%,2023-06-16,247.5,5.4,243.33,3.75
GME,24.04,0.39,+63.93%,0.61,23.61,58.7%,2023-06-16,24,0.75,23,0.36
AMD,128.7,2.32,+63.04%,3.68,125.68,61.2%,2023-06-16,128,3.65,122,1.33
AMD,128.7,1.54,+62.60%,2.46,125.46,62.0%,2023-06-16,127,3.15,123,1.61
MRVL,61.96,0.19,+61.29%,0.31,61.31,57.2%,2023-06-16,61.5,1.12,61,0.93
CVNA,21.77,0.57,+61.29%,0.93,19.93,62.7%,2023-06-16,20.5,1.7,19,1.13
AMZN,126.49,0.38,+61.29%,0.62,125.62,56.9%,2023-06-16,126,1.64,125,1.26
TGT,126.24,0.38,+61.29%,0.62,125.62,54.5%,2023-06-16,126,1.92,125,1.54
BYND,12.49,0.19,+61.29%,0.31,11.81,65.4%,2023-06-16,12,0.52,11.5,0.33
AMD,128.7,0.38,+61.29%,0.62,125.62,61.4%,2023-06-16,126,2.68,125,2.3
PLUG,10.21,0.19,+61.29%,0.31,9.81,60.9%,2023-06-16,10,0.44,9.5,0.25
TSLA,249.98,1.9,+61.29%,3.1,245.6,59.9%,2023-06-16,247.5,5.4,242.5,3.5
CRM,213.47,0.94,+60.26%,1.56,211.56,57.9%,2023-06-16,212.5,3.3,210,2.36
AMD,128.7,0.75,+60.00%,1.25,125.25,62.8%,2023-06-16,126,2.68,124,1.93
UPST,33.92,0.75,+60.00%,1.25,32.25,65.0%,2023-06-16,33,1.26,31,0.51
COIN,50.7,0.37,+58.73%,0.63,49.63,57.1%,2023-06-16,50,2.13,49,1.76
MU,67.11,0.37,+58.73%,0.63,66.63,56.2%,2023-06-16,67,1.02,66,0.65
AMD,128.7,2.57,+58.01%,4.43,125.43,62.1%,2023-06-16,128,3.65,121,1.08
AMD,128.7,1.82,+57.23%,3.18,125.18,63.0%,2023-06-16,127,3.15,122,1.33
UNH,491.66,0.9,+56.25%,1.6,489.1,58.6%,2023-06-16,490,4.15,487.5,3.25
UPST,33.92,0.18,+56.25%,0.32,32.32,64.4%,2023-06-16,32.5,1.02,32,0.84
NVDA,389.66,2.7,+56.25%,4.8,384.8,59.7%,2023-06-16,387.5,6.15,380,3.45
COIN,50.7,0.72,+56.25%,1.28,49.28,59.4%,2023-06-16,50,2.13,48,1.41
UPST,33.92,0.36,+56.25%,0.64,32.14,66.0%,2023-06-16,32.5,1.02,31.5,0.66
TSLA,249.98,0.6,+56.07%,1.07,246.07,58.8%,2023-06-16,246.67,5,245,4.4
TSLA,249.98,2.69,+55.93%,4.81,244.81,61.7%,2023-06-16,247.5,5.4,240,2.71
AMD,128.7,1.07,+55.44%,1.93,124.93,63.9%,2023-06-16,126,2.68,123,1.61
AMZN,126.49,0.71,+55.04%,1.29,125.29,59.5%,2023-06-16,126,1.64,124,0.93
NFLX,422.05,3.55,+55.04%,6.45,416.45,61.2%,2023-06-16,420,6.45,410,2.9
MRVL,61.96,0.53,+54.64%,0.97,60.97,60.9%,2023-06-16,61.5,1.12,60,0.59
AMD,128.7,2.77,+52.96%,5.23,125.23,62.8%,2023-06-16,128,3.65,120,0.88
AMD,128.7,2.07,+52.67%,3.93,124.93,63.9%,2023-06-16,127,3.15,121,1.08
PANW,228.59,0.86,+52.44%,1.64,226.64,58.8%,2023-06-16,227.5,2.82,225,1.96
TSLA,249.98,2.29,+52.28%,4.38,244.38,62.6%,2023-06-16,246.67,5,240,2.71
UPST,33.92,0.51,+51.52%,0.99,31.99,67.3%,2023-06-16,32.5,1.02,31,0.51
CRM,213.47,1.7,+51.52%,3.3,210.8,61.1%,2023-06-16,212.5,3.3,207.5,1.6
CVNA,21.77,0.17,+51.52%,0.33,20.33,59.9%,2023-06-16,20.5,1.7,20,1.53
TSM,107.32,0.34,+51.52%,0.66,104.66,67.2%,2023-06-16,105,1.36,104,1.02
GME,24.04,0.51,+51.52%,0.99,23.49,61.1%,2023-06-16,24,0.75,22.5,0.24
AMD,128.7,0.34,+51.52%,0.66,124.66,64.9%,2023-06-16,125,2.27,124,1.93
SOFI,9.14,0.17,+51.52%,0.33,8.83,61.3%,2023-06-16,9,0.34,8.5,0.17
AMD,128.7,1.35,+50.94%,2.65,124.65,64.9%,2023-06-16,126,2.68,122,1.33
AMD,128.7,0.66,+49.25%,1.34,124.34,66.0%,2023-06-16,125,2.27,123,1.61
TSLA,249.98,3.29,+49.03%,6.71,244.21,63.0%,2023-06-16,247.5,5.4,237.5,2.11
MSFT,330.66,0.82,+48.81%,1.68,329.18,56.4%,2023-06-16,330,2.73,327.5,1.91
HD,300.3,0.82,+48.81%,1.68,299.18,54.4%,2023-06-16,300,3.2,297.5,2.38
AMD,128.7,2.94,+48.51%,6.06,125.06,63.5%,2023-06-16,128,3.65,119,0.71
UPST,33.92,0.98,+48.51%,2.02,32.02,67.0%,2023-06-16,33,1.26,30,0.28
AMD,128.7,2.27,+47.99%,4.73,124.73,64.6%,2023-06-16,127,3.15,120,0.88
MRVL,61.96,0.32,+47.06%,0.68,60.68,64.0%,2023-06-16,61,0.91,60,0.59
AMD,128.7,1.6,+47.06%,3.4,124.4,65.8%,2023-06-16,126,2.68,121,1.08
ADBE,475.06,3.2,+47.06%,6.8,451.8,68.3%,2023-06-16,455,10,445,6.8
DAL,40,0.16,+47.06%,0.34,39.84,54.7%,2023-06-16,40,0.45,39.5,0.29
INTC,32.93,0.16,+47.06%,0.34,32.34,61.9%,2023-06-16,32.5,0.5,32,0.34
PANW,228.59,1.33,+46.83%,2.84,226.17,60.8%,2023-06-16,227.5,2.82,223.33,1.49
AMZN,126.49,0.95,+46.34%,2.05,125.05,61.3%,2023-06-16,126,1.64,123,0.69
TSM,107.32,0.63,+45.99%,1.37,104.37,68.9%,2023-06-16,105,1.36,103,0.73
AMD,128.7,0.94,+45.63%,2.06,124.06,67.0%,2023-06-16,125,2.27,122,1.33
PANW,228.59,1.55,+44.93%,3.45,225.95,61.8%,2023-06-16,227.5,2.82,222.5,1.27
FSLR,196,1.55,+44.93%,3.45,193.45,59.5%,2023-06-16,195,3.35,190,1.8
NFLX,422.05,4.65,+44.93%,10.35,415.35,63.4%,2023-06-16,420,6.45,405,1.8
AMZN,126.49,0.31,+44.93%,0.69,124.69,64.0%,2023-06-16,125,1.24,124,0.93
AMD,128.7,3.09,+44.72%,6.91,124.91,64.0%,2023-06-16,128,3.65,118,0.56
ADBE,475.06,4.6,+44.23%,10.4,450.4,69.3%,2023-06-16,455,10,440,5.4
AMD,128.7,2.44,+43.88%,5.56,124.56,65.2%,2023-06-16,127,3.15,119,0.71
MRVL,61.96,0.76,+43.68%,1.74,60.74,63.3%,2023-06-16,61.5,1.12,59,0.36
UPST,33.92,1.06,+43.44%,2.44,31.94,67.7%,2023-06-16,33,1.26,29.5,0.2
TSLA,249.98,3.77,+43.18%,8.73,243.73,64.0%,2023-06-16,247.5,5.4,235,1.63
AAL,16.01,0.15,+42.86%,0.35,15.85,59.1%,2023-06-16,16,0.24,15.5,0.09
AMD,128.7,1.8,+42.86%,4.2,124.2,66.5%,2023-06-16,126,2.68,120,0.88
DOCU,54.92,0.3,+42.86%,0.7,53.7,64.8%,2023-06-16,54,0.83,53,0.53
GM,36.69,0.15,+42.86%,0.35,36.35,58.8%,2023-06-16,36.5,0.44,36,0.29
AMD,128.7,0.3,+42.86%,0.7,123.7,68.3%,2023-06-16,124,1.91,123,1.61
UPST,33.92,0.3,+42.86%,0.7,31.7,69.7%,2023-06-16,32,0.81,31,0.51
AMD,128.7,1.19,+42.35%,2.81,123.81,67.9%,2023-06-16,125,2.27,121,1.08
TSLA,249.98,0.99,+42.31%,2.34,242.34,67.0%,2023-06-16,243.33,3.7,240,2.71
UPST,33.92,0.74,+42.05%,1.76,31.76,69.2%,2023-06-16,32.5,1.02,30,0.28
V,225.59,0.73,+41.24%,1.77,224.27,60.2%,2023-06-16,225,1.58,222.5,0.85
AMD,128.7,3.2,+41.03%,7.8,124.8,64.4%,2023-06-16,128,3.65,117,0.45
TMUS,130.32,0.29,+40.85%,0.71,129.71,56.4%,2023-06-16,130,1.3,129,1.01
GME,24.04,0.58,+40.85%,1.42,23.42,62.5%,2023-06-16,24,0.75,22,0.17
NFLX,422.05,1.45,+40.85%,3.55,413.55,66.8%,2023-06-16,415,4.35,410,2.9
AMD,128.7,0.58,+40.85%,1.42,123.42,69.2%,2023-06-16,124,1.91,122,1.33
TSLA,249.98,3.37,+40.60%,8.3,243.3,65.0%,2023-06-16,246.67,5,235,1.63
AMD,128.7,2.59,+40.41%,6.41,124.41,65.8%,2023-06-16,127,3.15,118,0.56
ADBE,475.06,5.75,+40.35%,14.25,449.25,70.2%,2023-06-16,455,10,435,4.25
NFLX,422.05,5.02,+40.22%,12.48,414.98,64.1%,2023-06-16,420,6.45,402.5,1.43
UNH,491.66,2.86,+40.06%,7.14,487.14,65.0%,2023-06-16,490,4.15,480,1.29
TSLA,249.98,4.04,+39.88%,10.13,243.46,64.6%,2023-06-16,247.5,5.4,233.33,1.36
AMZN,126.49,1.14,+39.86%,2.86,124.86,62.8%,2023-06-16,126,1.64,122,0.5
AMD,128.7,1.97,+39.17%,5.03,124.03,67.1%,2023-06-16,126,2.68,119,0.71
UAL,51.33,0.28,+38.89%,0.72,50.72,61.2%,2023-06-16,51,0.64,50,0.36
TSM,107.32,0.84,+38.89%,2.16,104.16,70.2%,2023-06-16,105,1.36,102,0.52
C,48.28,0.14,+38.89%,0.36,47.86,60.7%,2023-06-16,48,0.42,47.5,0.28
NVDA,389.66,0.7,+38.89%,1.8,381.8,65.5%,2023-06-16,382.5,4.15,380,3.45
SHOP,64.98,0.28,+38.89%,0.72,62.72,69.1%,2023-06-16,63,0.91,62,0.63
INTC,32.93,0.28,+38.89%,0.72,32.22,64.2%,2023-06-16,32.5,0.5,31.5,0.22
GME,24.04,0.14,+38.89%,0.36,23.36,63.6%,2023-06-16,23.5,0.5,23,0.36
AMD,128.7,1.39,+38.50%,3.61,123.61,68.6%,2023-06-16,125,2.27,120,0.88
UPST,33.92,1.11,+38.41%,2.89,31.89,68.1%,2023-06-16,33,1.26,29,0.15
TSLA,249.98,4.16,+38.38%,10.84,243.34,64.9%,2023-06-16,247.5,5.4,232.5,1.24
AMD,128.7,0.83,+38.25%,2.17,123.17,70.1%,2023-06-16,124,1.91,121,1.08
TSLA,249.98,0.69,+38.12%,1.81,241.81,68.1%,2023-06-16,242.5,3.4,240,2.71
AAPL,183.11,0.69,+38.12%,1.81,181.81,61.9%,2023-06-16,182.5,1.29,180,0.6
MRVL,61.96,0.55,+37.93%,1.45,60.45,66.4%,2023-06-16,61,0.91,59,0.36
AMD,128.7,3.29,+37.77%,8.71,124.71,64.7%,2023-06-16,128,3.65,116,0.36
UPST,33.92,0.82,+37.61%,2.18,31.68,69.9%,2023-06-16,32.5,1.02,29.5,0.2
TSLA,249.98,3.64,+37.53%,9.7,243.03,65.5%,2023-06-16,246.67,5,233.33,1.36
PANW,228.59,2.03,+37.11%,5.47,225.47,63.9%,2023-06-16,227.5,2.82,220,0.79
AMD,128.7,2.7,+36.99%,7.3,124.3,66.2%,2023-06-16,127,3.15,117,0.45
ORCL,116.51,0.54,+36.99%,1.46,109.46,70.7%,2023-06-16,110,2.2,108,1.66
TSM,107.32,0.27,+36.99%,0.73,103.73,72.7%,2023-06-16,104,1,103,0.73
DAL,40,0.27,+36.99%,0.73,39.73,57.8%,2023-06-16,40,0.45,39,0.18
ADBE,475.06,6.7,+36.61%,18.3,448.3,70.9%,2023-06-16,455,10,430,3.3
TSLA,249.98,2.67,+36.43%,7.33,242.33,67.0%,2023-06-16,245,4.3,235,1.63
ORCL,116.51,0.8,+36.36%,2.2,109.2,71.4%,2023-06-16,110,2.2,107,1.4
NFLX,422.05,5.33,+36.33%,14.67,414.67,64.7%,2023-06-16,420,6.45,400,1.12
TSLA,249.98,3.76,+36.12%,10.41,242.91,65.8%,2023-06-16,246.67,5,232.5,1.24
AMD,128.7,2.12,+36.05%,5.88,123.88,67.6%,2023-06-16,126,2.68,118,0.56
UPST,33.92,0.53,+36.05%,1.47,31.47,71.7%,2023-06-16,32,0.81,30,0.28
SGEN,197.23,1.3,+35.14%,3.7,193.7,66.0%,2023-06-16,195,2.05,190,0.75
GME,24.04,0.26,+35.14%,0.74,23.24,66.0%,2023-06-16,23.5,0.5,22.5,0.24
UBER,41.6,0.13,+35.14%,0.37,40.87,66.2%,2023-06-16,41,0.42,40.5,0.29
AMD,128.7,1.56,+35.14%,4.44,123.44,69.1%,2023-06-16,125,2.27,119,0.71
SOFI,9.14,0.26,+35.14%,0.74,8.74,64.6%,2023-06-16,9,0.34,8,0.08
UAL,51.33,0.39,+35.14%,1.11,50.61,63.2%,2023-06-16,51,0.64,49.5,0.25
AMD,128.7,3.37,+34.99%,9.63,124.63,65.0%,2023-06-16,128,3.65,115,0.28
ORCL,116.51,1.03,+34.68%,2.97,108.97,72.0%,2023-06-16,110,2.2,106,1.17
AMD,128.7,1.03,+34.68%,2.97,122.97,70.7%,2023-06-16,124,1.91,120,0.88
NVDA,389.66,1.93,+34.65%,5.57,380.57,67.8%,2023-06-16,382.5,4.15,375,2.22
BA,221.46,1.28,+34.41%,3.72,218.72,63.0%,2023-06-16,220,2.1,215,0.82
UPST,33.92,1.15,+34.33%,3.35,31.85,68.5%,2023-06-16,33,1.26,28.5,0.11
NFLX,422.05,2.55,+34.23%,7.45,412.45,68.8%,2023-06-16,415,4.35,405,1.8
TSLA,249.98,4.45,+34.10%,13.05,243.05,65.5%,2023-06-16,247.5,5.4,230,0.95
AMD,128.7,2.79,+33.98%,8.21,124.21,66.5%,2023-06-16,127,3.15,116,0.36
GME,24.04,0.63,+33.69%,1.87,23.37,63.4%,2023-06-16,24,0.75,21.5,0.12
TSLA,249.98,2.94,+33.68%,8.73,242.06,67.6%,2023-06-16,245,4.3,233.33,1.36
AMD,128.7,0.5,+33.33%,1.5,122.5,72.3%,2023-06-16,123,1.58,121,1.08
TSM,107.32,1,+33.33%,3,104,71.1%,2023-06-16,105,1.36,101,0.36
AMD,128.7,0.25,+33.33%,0.75,122.75,71.5%,2023-06-16,123,1.58,122,1.33
BUD,55.18,0.25,+33.33%,0.75,54.75,60.0%,2023-06-16,55,0.55,54,0.3
AAP,66.36,0.25,+33.33%,0.75,65.75,58.2%,2023-06-16,66,0.85,65,0.6
ADBE,475.06,7.49,+33.27%,22.51,447.51,71.4%,2023-06-16,455,10,425,2.51
UPST,33.92,0.87,+33.08%,2.63,31.63,70.3%,2023-06-16,32.5,1.02,29,0.15
TSLA,249.98,2.07,+33.07%,6.26,241.26,69.3%,2023-06-16,243.33,3.7,235,1.63
AMD,128.7,2.23,+32.94%,6.77,123.77,68.0%,2023-06-16,126,2.68,117,0.45
ORCL,116.51,1.23,+32.63%,3.77,108.77,72.6%,2023-06-16,110,2.2,105,0.97
AMD,128.7,3.43,+32.45%,10.57,124.57,65.2%,2023-06-16,128,3.65,114,0.22
SHOP,64.98,0.49,+32.45%,1.51,62.51,70.8%,2023-06-16,63,0.91,61,0.42
TSLA,249.98,3.06,+32.42%,9.44,241.94,67.9%,2023-06-16,245,4.3,232.5,1.24
AMD,128.7,1.71,+32.33%,5.29,123.29,69.7%,2023-06-16,125,2.27,118,0.56
UPST,33.92,0.61,+32.28%,1.89,31.39,72.3%,2023-06-16,32,0.81,29.5,0.2
TSLA,249.98,4.05,+32.09%,12.62,242.62,66.4%,2023-06-16,246.67,5,230,0.95
TSLA,249.98,0.2,+31.75%,0.63,243.13,65.3%,2023-06-16,243.33,3.7,242.5,3.5
TTD,75.53,0.96,+31.58%,3.04,74.04,65.5%,2023-06-16,75,1.18,71,0.22
INTC,32.93,0.36,+31.58%,1.14,32.14,65.8%,2023-06-16,32.5,0.5,31,0.14
PBR,13.9,0.12,+31.58%,0.38,12.88,84.0%,2023-06-16,13,0.2,12.5,0.08
ORCL,116.51,0.48,+31.58%,1.52,108.52,73.2%,2023-06-16,109,1.88,107,1.4
UPST,33.92,0.12,+31.58%,0.38,31.38,72.4%,2023-06-16,31.5,0.63,31,0.51
TSM,107.32,0.48,+31.58%,1.52,103.52,73.9%,2023-06-16,104,1,102,0.52
QCOM,121.62,0.72,+31.58%,2.28,119.28,68.8%,2023-06-16,120,1.1,117,0.38
AMD,128.7,1.2,+31.58%,3.8,122.8,71.3%,2023-06-16,124,1.91,119,0.71
GE,106.61,0.24,+31.58%,0.76,105.76,60.7%,2023-06-16,106,0.86,105,0.62
AMD,128.7,2.87,+31.43%,9.13,124.13,66.8%,2023-06-16,127,3.15,115,0.28
ORCL,116.51,0.71,+31.00%,2.29,108.29,73.8%,2023-06-16,109,1.88,106,1.17
TSLA,249.98,1.77,+30.89%,5.73,240.73,70.4%,2023-06-16,242.5,3.4,235,1.63
UAL,51.33,0.47,+30.72%,1.53,50.53,64.6%,2023-06-16,51,0.64,49,0.17
PANW,228.59,2.35,+30.72%,7.65,225.15,65.3%,2023-06-16,227.5,2.82,217.5,0.47
UPST,33.92,1.17,+30.55%,3.83,31.83,68.6%,2023-06-16,33,1.26,28,0.09
TSLA,249.98,2.34,+30.55%,7.66,240.99,69.8%,2023-06-16,243.33,3.7,233.33,1.36
NFLX,422.05,2.92,+30.48%,9.58,412.08,69.5%,2023-06-16,415,4.35,402.5,1.43
TSLA,249.98,4.67,+30.46%,15.33,242.83,66.0%,2023-06-16,247.5,5.4,227.5,0.73
UPST,33.92,0.35,+30.43%,1.15,31.15,74.2%,2023-06-16,31.5,0.63,30,0.28
AMD,128.7,0.7,+30.43%,2.3,122.3,72.9%,2023-06-16,123,1.58,120,0.88
PANW,228.59,0.58,+30.21%,1.92,224.42,68.3%,2023-06-16,225,1.85,222.5,1.27
AMD,128.7,2.32,+30.21%,7.68,123.68,68.3%,2023-06-16,126,2.68,116,0.36
AMD,128.7,3.47,+30.10%,11.53,124.53,65.3%,2023-06-16,128,3.65,113,0.18
NFLX,422.05,5.76,+29.94%,19.24,414.24,65.5%,2023-06-16,420,6.45,395,0.69
ADBE,475.06,1.15,+29.87%,3.85,443.85,74.0%,2023-06-16,445,6.55,440,5.4
ADBE,475.06,2.3,+29.87%,7.7,442.7,74.8%,2023-06-16,445,6.55,435,4.25
ORCL,116.51,1.38,+29.87%,4.62,108.62,73.0%,2023-06-16,110,2.2,104,0.82
TSLA,249.98,4.74,+29.46%,16.09,242.76,66.1%,2023-06-16,247.5,5.4,226.67,0.66
UPST,33.92,0.91,+29.45%,3.09,31.59,70.7%,2023-06-16,32.5,1.02,28.5,0.11
AMD,128.7,1.82,+29.45%,6.18,123.18,70.0%,2023-06-16,125,2.27,117,0.45
ORCL,116.51,0.91,+29.45%,3.09,108.09,74.4%,2023-06-16,109,1.88,105,0.97
TSLA,249.98,2.46,+29.39%,8.37,240.87,70.1%,2023-06-16,243.33,3.7,232.5,1.24
DAL,40,0.34,+29.31%,1.16,39.66,59.8%,2023-06-16,40,0.45,38.5,0.11
AMD,128.7,2.93,+29.10%,10.07,124.07,67.0%,2023-06-16,127,3.15,114,0.22
AMD,128.7,1.35,+29.03%,4.65,122.65,71.8%,2023-06-16,124,1.91,118,0.56
MDB,379.74,2.24,+28.87%,7.76,367.76,68.7%,2023-06-16,370,4.85,360,2.61
MCD,288.05,0.56,+28.87%,1.94,286.94,60.1%,2023-06-16,287.5,1.28,285,0.72
TSLA,249.98,3.35,+28.76%,11.65,241.65,68.5%,2023-06-16,245,4.3,230,0.95
TSLA,249.98,4.27,+28.66%,14.9,242.4,66.9%,2023-06-16,246.67,5,227.5,0.73
TSLA,249.98,2.04,+28.61%,7.13,240.46,70.9%,2023-06-16,242.5,3.4,233.33,1.36
TSM,107.32,1.11,+28.53%,3.89,103.89,71.8%,2023-06-16,105,1.36,100,0.25
INTC,32.93,0.11,+28.21%,0.39,31.89,70.4%,2023-06-16,32,0.33,31.5,0.22
AMD,128.7,0.22,+28.21%,0.78,121.78,74.6%,2023-06-16,122,1.3,121,1.08
GME,24.04,0.33,+28.21%,1.17,23.17,67.3%,2023-06-16,23.5,0.5,22,0.17
UPST,33.92,0.66,+28.21%,2.34,31.34,72.7%,2023-06-16,32,0.81,29,0.15
ORCL,116.51,0.22,+28.21%,0.78,108.78,72.5%,2023-06-16,109,1.88,108,1.66
AMAT,139.61,0.22,+28.21%,0.78,136.78,68.6%,2023-06-16,137,1.02,136,0.8
AMD,128.7,3.51,+28.10%,12.49,124.49,65.5%,2023-06-16,128,3.65,112,0.14
AMD,128.7,2.4,+27.91%,8.6,123.6,68.6%,2023-06-16,126,2.68,115,0.28
AMD,128.7,0.87,+27.80%,3.13,122.13,73.5%,2023-06-16,123,1.58,119,0.71
TSLA,249.98,4.34,+27.71%,15.66,242.33,67.0%,2023-06-16,246.67,5,226.67,0.66
ADBE,475.06,3.25,+27.66%,11.75,441.75,75.4%,2023-06-16,445,6.55,430,3.3
GME,24.04,0.65,+27.66%,2.35,23.35,63.8%,2023-06-16,24,0.75,21,0.1
TSLA,249.98,2.16,+27.55%,7.84,240.34,71.2%,2023-06-16,242.5,3.4,232.5,1.24
PANW,228.59,0.36,+27.48%,1.31,224.64,67.4%,2023-06-16,225,1.85,223.33,1.49
TSLA,249.98,4.85,+27.48%,17.65,242.65,66.4%,2023-06-16,247.5,5.4,225,0.55
NFLX,422.05,3.23,+27.44%,11.77,411.77,70.1%,2023-06-16,415,4.35,400,1.12
UPST,33.92,0.43,+27.39%,1.57,31.07,74.9%,2023-06-16,31.5,0.63,29.5,0.2
NFLX,422.05,5.91,+27.37%,21.59,414.09,65.8%,2023-06-16,420,6.45,392.5,0.54
BA,221.46,1.61,+27.33%,5.89,218.39,64.5%,2023-06-16,220,2.1,212.5,0.49
TSLA,249.98,1.07,+27.23%,3.93,238.93,73.9%,2023-06-16,240,2.7,235,1.63
SHOP,64.98,0.64,+27.12%,2.36,62.36,71.9%,2023-06-16,63,0.91,60,0.27
TSM,107.32,0.64,+27.12%,2.36,103.36,74.7%,2023-06-16,104,1,101,0.36
AMD,128.7,1.91,+26.94%,7.09,123.09,70.3%,2023-06-16,125,2.27,116,0.36
AMD,128.7,2.97,+26.93%,11.03,124.03,67.1%,2023-06-16,127,3.15,113,0.18
PANW,228.59,1.06,+26.90%,3.94,223.94,70.3%,2023-06-16,225,1.85,220,0.79
ORCL,116.51,1.06,+26.90%,3.94,107.94,74.7%,2023-06-16,109,1.88,104,0.82
QCOM,121.62,0.84,+26.58%,3.16,119.16,69.7%,2023-06-16,120,1.1,116,0.26
AMAT,139.61,0.42,+26.58%,1.58,136.58,69.9%,2023-06-16,137,1.02,135,0.6
ORCL,116.51,0.42,+26.58%,1.58,107.58,75.7%,2023-06-16,108,1.59,106,1.17
AMD,128.7,0.42,+26.58%,1.58,121.58,75.2%,2023-06-16,122,1.3,120,0.88
AMD,128.7,1.46,+26.35%,5.54,122.54,72.2%,2023-06-16,124,1.91,117,0.45
AMD,128.7,3.54,+26.30%,13.46,124.46,65.6%,2023-06-16,128,3.65,111,0.11
TSLA,249.98,2.75,+25.99%,10.58,240.58,70.7%,2023-06-16,243.33,3.7,230,0.95
TSLA,249.98,4.45,+25.84%,17.22,242.22,67.3%,2023-06-16,246.67,5,225,0.55
AMD,128.7,2.46,+25.79%,9.54,123.54,68.8%,2023-06-16,126,2.68,114,0.22
INTC,32.93,0.41,+25.79%,1.59,32.09,66.7%,2023-06-16,32.5,0.5,30.5,0.09
TSLA,249.98,3.57,+25.63%,13.93,241.43,68.9%,2023-06-16,245,4.3,227.5,0.73
NVDA,389.66,0.51,+25.63%,1.99,376.99,74.1%,2023-06-16,377.5,2.73,375,2.22
NFLX,422.05,1.02,+25.63%,3.98,408.98,74.9%,2023-06-16,410,2.82,405,1.8
AMD,128.7,1.02,+25.63%,3.98,121.98,74.0%,2023-06-16,123,1.58,118,0.56
PANW,228.59,2.54,+25.50%,9.96,224.96,66.1%,2023-06-16,227.5,2.82,215,0.28
MDB,379.74,3.04,+25.42%,11.96,366.96,69.9%,2023-06-16,370,4.85,355,1.81
NFLX,422.05,6.03,+25.16%,23.97,413.97,66.0%,2023-06-16,420,6.45,390,0.42
TSLA,249.98,1.34,+25.14%,5.33,238.66,74.5%,2023-06-16,240,2.7,233.33,1.36
AMD,128.7,3.01,+25.10%,11.99,123.99,67.2%,2023-06-16,127,3.15,112,0.14
UPST,33.92,0.2,+25.00%,0.8,30.8,77.0%,2023-06-16,31,0.48,30,0.28
QCOM,121.62,0.4,+25.00%,1.6,118.6,73.8%,2023-06-16,119,0.78,117,0.38
AAPL,183.11,1,+25.00%,4,181.5,64.7%,2023-06-16,182.5,1.29,177.5,0.29
ROKU,71.9,0.2,+25.00%,0.8,67.8,75.5%,2023-06-16,68,0.82,67,0.62
AMD,128.7,1.99,+24.84%,8.01,123.01,70.6%,2023-06-16,125,2.27,115,0.28
TSLA,249.98,4.97,+24.81%,20.03,242.53,66.6%,2023-06-16,247.5,5.4,222.5,0.43
TSLA,249.98,3.64,+24.78%,14.69,241.36,69.1%,2023-06-16,245,4.3,226.67,0.66
TSM,107.32,1.18,+24.48%,4.82,103.82,72.2%,2023-06-16,105,1.36,99,0.18
AMD,128.7,0.59,+24.48%,2.41,121.41,75.8%,2023-06-16,122,1.3,119,0.71
TSLA,249.98,2.45,+24.38%,10.05,240.05,71.7%,2023-06-16,242.5,3.4,230,0.95
TSLA,249.98,1.46,+24.17%,6.04,238.54,74.7%,2023-06-16,240,2.7,232.5,1.24
AMD,128.7,1.55,+24.03%,6.45,122.45,72.5%,2023-06-16,124,1.91,116,0.36
ORCL,116.51,0.77,+23.84%,3.23,107.23,76.5%,2023-06-16,108,1.59,104,0.82
AMD,128.7,2.5,+23.81%,10.5,123.5,68.9%,2023-06-16,126,2.68,113,0.18
UPST,33.92,0.48,+23.76%,2.02,31.02,75.3%,2023-06-16,31.5,0.63,29,0.15
SHOP,64.98,0.19,+23.46%,0.81,61.81,76.0%,2023-06-16,62,0.61,61,0.42
INTC,32.93,0.19,+23.46%,0.81,31.81,71.9%,2023-06-16,32,0.33,31,0.14
ORCL,116.51,0.38,+23.46%,1.62,106.62,78.0%,2023-06-16,107,1.35,105,0.97
GME,24.04,0.38,+23.46%,1.62,23.12,68.2%,2023-06-16,23.5,0.5,21.5,0.12
TSM,107.32,0.19,+23.46%,0.81,102.81,77.7%,2023-06-16,103,0.71,102,0.52
TSLA,249.98,4.57,+23.32%,19.6,242.1,67.5%,2023-06-16,246.67,5,222.5,0.43
AMD,128.7,1.13,+23.20%,4.87,121.87,74.3%,2023-06-16,123,1.58,117,0.45
BA,221.46,0.47,+23.15%,2.03,217.03,70.5%,2023-06-16,217.5,1.29,215,0.82
TSLA,249.98,0.47,+23.15%,2.03,237.03,77.5%,2023-06-16,237.5,2.1,235,1.63
TSLA,249.98,2.97,+23.09%,12.86,240.36,71.1%,2023-06-16,243.33,3.7,227.5,0.73
TSLA,249.98,3.75,+23.08%,16.25,241.25,69.3%,2023-06-16,245,4.3,225,0.55
TSM,107.32,0.75,+23.08%,3.25,103.25,75.3%,2023-06-16,104,1,100,0.25
UPST,33.92,0.28,+22.95%,1.22,30.72,77.6%,2023-06-16,31,0.48,29.5,0.2
AMD,128.7,2.05,+22.91%,8.95,122.95,70.8%,2023-06-16,125,2.27,114,0.22
QCOM,121.62,0.93,+22.85%,4.07,119.07,70.4%,2023-06-16,120,1.1,115,0.17
AMD,128.7,0.74,+22.70%,3.26,121.26,76.2%,2023-06-16,122,1.3,118,0.56
PANW,228.59,2.62,+22.68%,11.55,224.88,66.4%,2023-06-16,227.5,2.82,213.33,0.2
PANW,228.59,1.38,+22.55%,6.12,223.62,71.5%,2023-06-16,225,1.85,217.5,0.47
TSLA,249.98,5.06,+22.55%,22.44,242.44,66.8%,2023-06-16,247.5,5.4,220,0.34
NFLX,422.05,3.66,+22.40%,16.34,411.34,70.8%,2023-06-16,415,4.35,395,0.69
SHOP,64.98,0.73,+22.32%,3.27,62.27,72.6%,2023-06-16,63,0.91,59,0.18
TSLA,249.98,3.04,+22.32%,13.62,240.29,71.3%,2023-06-16,243.33,3.7,226.67,0.66
BA,221.46,1.82,+22.25%,8.18,218.18,65.5%,2023-06-16,220,2.1,210,0.28
AMD,128.7,2.54,+22.16%,11.46,123.46,69.1%,2023-06-16,126,2.68,112,0.14
AMD,128.7,1.63,+22.12%,7.37,122.37,72.7%,2023-06-16,124,1.91,115,0.28
AMD,128.7,0.18,+21.95%,0.82,120.82,77.6%,2023-06-16,121,1.06,120,0.88
DAL,40,0.09,+21.95%,0.41,39.41,66.8%,2023-06-16,39.5,0.27,39,0.18
ORCL,116.51,0.18,+21.95%,0.82,106.82,77.6%,2023-06-16,107,1.35,106,1.17
TSLA,249.98,2.67,+21.65%,12.33,239.83,72.2%,2023-06-16,242.5,3.4,227.5,0.73
TSLA,249.98,0.74,+21.57%,3.43,236.76,78.0%,2023-06-16,237.5,2.1,233.33,1.36
ORCL,116.51,0.53,+21.46%,2.47,106.47,78.4%,2023-06-16,107,1.35,104,0.82
TSM,107.32,1.23,+21.32%,5.77,103.77,72.4%,2023-06-16,105,1.36,98,0.13
TSLA,249.98,1.75,+21.21%,8.25,238.25,75.2%,2023-06-16,240,2.7,230,0.95
AMD,128.7,0.35,+21.21%,1.65,120.65,78.1%,2023-06-16,121,1.06,119,0.71
TSM,107.32,0.35,+21.21%,1.65,102.65,78.5%,2023-06-16,103,0.71,101,0.36
TSLA,249.98,4.66,+21.17%,22.01,242.01,67.7%,2023-06-16,246.67,5,220,0.34
AMD,128.7,1.22,+21.11%,5.78,121.78,74.6%,2023-06-16,123,1.58,116,0.36
PANW,228.59,0.58,+21.09%,2.75,222.75,74.8%,2023-06-16,223.33,1.37,220,0.79
AMD,128.7,2.09,+21.09%,9.91,122.91,70.9%,2023-06-16,125,2.27,113,0.18
QCOM,121.62,0.52,+20.97%,2.48,118.48,74.6%,2023-06-16,119,0.78,116,0.26
TSLA,249.98,2.74,+20.93%,13.09,239.76,72.3%,2023-06-16,242.5,3.4,226.67,0.66
TSLA,249.98,3.87,+20.77%,18.63,241.13,69.5%,2023-06-16,245,4.3,222.5,0.43
TSLA,249.98,0.86,+20.77%,4.14,236.64,78.2%,2023-06-16,237.5,2.1,232.5,1.24
TSLA,249.98,3.15,+20.75%,15.18,240.18,71.5%,2023-06-16,243.33,3.7,225,0.55
TSLA,249.98,5.13,+20.63%,24.87,242.37,66.9%,2023-06-16,247.5,5.4,217.5,0.27
NFLX,422.05,1.7,+20.48%,8.3,408.3,76.0%,2023-06-16,410,2.82,400,1.12
GME,24.04,0.17,+20.48%,0.83,22.83,73.5%,2023-06-16,23,0.34,22,0.17
LLY,443.89,1.7,+20.48%,8.3,438.3,68.6%,2023-06-16,440,2.55,430,0.85
AMAT,139.61,0.17,+20.48%,0.83,135.83,74.2%,2023-06-16,136,0.77,135,0.6
AMD,128.7,0.85,+20.48%,4.15,121.15,76.6%,2023-06-16,122,1.3,117,0.45
SHOP,64.98,0.34,+20.48%,1.66,61.66,77.0%,2023-06-16,62,0.61,60,0.27
ADI,187.09,0.85,+20.48%,4.15,184.15,68.7%,2023-06-16,185,1.2,180,0.35
NFLX,422.05,3.81,+20.39%,18.69,411.19,71.1%,2023-06-16,415,4.35,392.5,0.54
AMD,128.7,1.69,+20.34%,8.31,122.31,72.9%,2023-06-16,124,1.91,114,0.22
TSLA,249.98,5.15,+20.05%,25.68,242.35,67.0%,2023-06-16,247.5,5.4,216.67,0.25
TSM,107.32,0.82,+19.62%,4.18,103.18,75.7%,2023-06-16,104,1,99,0.18
MA,374.61,0.82,+19.62%,4.18,369.18,72.3%,2023-06-16,370,1.63,365,0.81
QCOM,121.62,0.98,+19.52%,5.02,119.02,70.8%,2023-06-16,120,1.1,114,0.12
TSLA,249.98,2.85,+19.45%,14.65,239.65,72.5%,2023-06-16,242.5,3.4,225,0.55
AMD,128.7,1.3,+19.40%,6.7,121.7,74.9%,2023-06-16,123,1.58,115,0.28
GME,24.04,0.4,+19.05%,2.1,23.1,68.6%,2023-06-16,23.5,0.5,21,0.1
DAL,40,0.16,+19.05%,0.84,39.34,68.6%,2023-06-16,39.5,0.27,38.5,0.11
BA,221.46,0.8,+19.05%,4.2,216.7,71.9%,2023-06-16,217.5,1.29,212.5,0.49
HPQ,30.39,0.16,+19.05%,0.84,29.84,74.6%,2023-06-16,30,0.23,29,0.07
ORCL,116.51,0.32,+19.05%,1.68,105.68,80.3%,2023-06-16,106,1.14,104,0.82
TSLA,249.98,5.18,+18.96%,27.32,242.32,67.1%,2023-06-16,247.5,5.4,215,0.22
TSLA,249.98,3.96,+18.82%,21.04,241.04,69.7%,2023-06-16,245,4.3,220,0.34
TSLA,249.98,1.97,+18.71%,10.53,238.03,75.6%,2023-06-16,240,2.7,227.5,0.73
TSM,107.32,1.26,+18.69%,6.74,103.74,72.6%,2023-06-16,105,1.36,97,0.1
AMD,128.7,1.73,+18.66%,9.27,122.27,73.0%,2023-06-16,124,1.91,113,0.18
PANW,228.59,1.57,+18.62%,8.43,223.43,72.3%,2023-06-16,225,1.85,215,0.28
TSLA,249.98,3.27,+18.62%,17.56,240.06,71.7%,2023-06-16,243.33,3.7,222.5,0.43
AMD,128.7,0.94,+18.58%,5.06,121.06,76.8%,2023-06-16,122,1.3,116,0.36
LULU,366.25,0.78,+18.48%,4.22,359.22,72.6%,2023-06-16,360,1.81,355,1.03
TSM,107.32,0.46,+18.11%,2.54,102.54,79.0%,2023-06-16,103,0.71,100,0.25
TSLA,249.98,1.15,+18.11%,6.35,236.35,78.7%,2023-06-16,237.5,2.1,230,0.95
TSLA,249.98,2.04,+18.07%,11.29,237.96,75.8%,2023-06-16,240,2.7,226.67,0.66
AMD,128.7,0.61,+17.99%,3.39,120.39,78.8%,2023-06-16,121,1.06,117,0.45
QCOM,121.62,0.61,+17.99%,3.39,118.39,75.2%,2023-06-16,119,0.78,115,0.17
TSLA,249.98,5.21,+17.99%,28.96,242.29,67.1%,2023-06-16,247.5,5.4,213.33,0.19
PANW,228.59,0.38,+17.92%,2.12,222.12,77.1%,2023-06-16,222.5,1.17,220,0.79
AMD,128.7,1.36,+17.80%,7.64,121.64,75.1%,2023-06-16,123,1.58,114,0.22
ABNB,124.3,0.45,+17.65%,2.55,119.55,76.9%,2023-06-16,120,0.83,117,0.38
BX,89,0.15,+17.65%,0.85,86.85,73.3%,2023-06-16,87,0.54,86,0.39
BX,89,0.3,+17.65%,1.7,86.7,74.7%,2023-06-16,87,0.54,85,0.24
TSLA,249.98,5.22,+17.53%,29.78,242.28,67.1%,2023-06-16,247.5,5.4,212.5,0.18
TSLA,249.98,2.97,+17.44%,17.03,239.53,72.8%,2023-06-16,242.5,3.4,222.5,0.43
AMD,128.7,1.02,+17.06%,5.98,120.98,77.1%,2023-06-16,122,1.3,115,0.28
TSM,107.32,0.87,+16.96%,5.13,103.13,76.0%,2023-06-16,104,1,98,0.13
TTD,75.53,0.29,+16.96%,1.71,72.71,77.6%,2023-06-16,73,0.51,71,0.22
TSLA,249.98,3.36,+16.83%,19.97,239.97,71.9%,2023-06-16,243.33,3.7,220,0.34
WMT,153.89,0.36,+16.82%,2.14,152.14,73.2%,2023-06-16,152.5,0.55,150,0.19
TSLA,249.98,0.24,+16.78%,1.43,234.76,81.4%,2023-06-16,235,1.6,233.33,1.36
TSLA,249.98,2.15,+16.73%,12.85,237.85,76.0%,2023-06-16,240,2.7,225,0.55
LULU,366.25,1.07,+16.64%,6.43,358.93,73.4%,2023-06-16,360,1.81,352.5,0.74
PANW,228.59,1.65,+16.47%,10.02,223.35,72.6%,2023-06-16,225,1.85,213.33,0.2
TSM,107.32,0.14,+16.28%,0.86,101.86,82.3%,2023-06-16,102,0.5,101,0.36
AMD,128.7,0.7,+16.28%,4.3,120.3,79.1%,2023-06-16,121,1.06,116,0.36
ORCL,116.51,0.14,+16.28%,0.86,104.86,82.1%,2023-06-16,105,0.96,104,0.82
TSLA,249.98,5.25,+16.28%,32.25,242.25,67.2%,2023-06-16,247.5,5.4,210,0.15
TSLA,249.98,1.37,+15.87%,8.63,236.13,79.1%,2023-06-16,237.5,2.1,227.5,0.73
TSLA,249.98,3.06,+15.74%,19.44,239.44,72.9%,2023-06-16,242.5,3.4,220,0.34
NVDA,389.66,0.34,+15.74%,2.16,372.16,81.6%,2023-06-16,372.5,1.74,370,1.4
AMD,128.7,1.08,+15.61%,6.92,120.92,77.3%,2023-06-16,122,1.3,114,0.22
ABNB,124.3,0.54,+15.61%,3.46,119.46,77.3%,2023-06-16,120,0.83,116,0.29
BA,221.46,1.01,+15.56%,6.49,216.49,72.8%,2023-06-16,217.5,1.29,210,0.28
TSLA,249.98,1.44,+15.34%,9.39,236.06,79.2%,2023-06-16,237.5,2.1,226.67,0.66
TSLA,249.98,3.43,+15.31%,22.4,239.9,72.0%,2023-06-16,243.33,3.7,217.5,0.27
TSM,107.32,0.53,+15.27%,3.47,102.47,79.4%,2023-06-16,103,0.71,99,0.18
QCOM,121.62,0.66,+15.21%,4.34,118.34,75.5%,2023-06-16,119,0.78,114,0.12
TSLA,249.98,5.27,+15.17%,34.73,242.23,67.2%,2023-06-16,247.5,5.4,207.5,0.13
PANW,228.59,1.09,+15.06%,7.24,222.24,76.7%,2023-06-16,223.33,1.37,215,0.28
WYNN,103.46,0.13,+14.94%,0.87,99.87,79.7%,2023-06-16,100,0.57,99,0.44
SHOP,64.98,0.13,+14.94%,0.87,60.87,82.1%,2023-06-16,61,0.4,60,0.27
TSLA,249.98,0.65,+14.94%,4.35,234.35,82.0%,2023-06-16,235,1.6,230,0.95
TSLA,249.98,2.27,+14.90%,15.23,237.73,76.2%,2023-06-16,240,2.7,222.5,0.43
TSLA,249.98,5.28,+14.85%,35.55,242.22,67.3%,2023-06-16,247.5,5.4,206.67,0.12
LULU,366.25,1.29,+14.81%,8.71,358.71,74.0%,2023-06-16,360,1.81,350,0.52
TSLA,249.98,3.13,+14.31%,21.87,239.37,73.1%,2023-06-16,242.5,3.4,217.5,0.27
TSM,107.32,0.25,+14.29%,1.75,101.75,82.7%,2023-06-16,102,0.5,100,0.25
TSLA,249.98,1.55,+14.16%,10.95,235.95,79.4%,2023-06-16,237.5,2.1,225,0.55
TTD,75.53,0.37,+14.07%,2.63,72.63,78.3%,2023-06-16,73,0.51,70,0.14
PANW,228.59,0.1,+13.70%,0.73,223.23,73.0%,2023-06-16,223.33,1.37,222.5,1.27
TSLA,249.98,0.4,+13.65%,2.93,232.93,84.2%,2023-06-16,233.33,1.35,230,0.95
AMD,128.7,0.24,+13.64%,1.76,118.76,83.2%,2023-06-16,119,0.69,117,0.45
ABNB,124.3,0.24,+13.64%,1.76,118.76,80.5%,2023-06-16,119,0.62,117,0.38
PANW,228.59,0.89,+13.46%,6.61,221.61,78.9%,2023-06-16,222.5,1.17,215,0.28
TSLA,249.98,2.36,+13.38%,17.64,237.64,76.4%,2023-06-16,240,2.7,220,0.34
PANW,228.59,1.17,+13.25%,8.83,222.16,77.0%,2023-06-16,223.33,1.37,213.33,0.2
WYNN,103.46,0.29,+13.12%,2.21,99.71,80.8%,2023-06-16,100,0.57,97.5,0.28
TSM,107.32,0.58,+13.12%,4.42,102.42,79.6%,2023-06-16,103,0.71,98,0.13
TSLA,249.98,0.94,+12.72%,7.39,234.06,82.5%,2023-06-16,235,1.6,226.67,0.66
LULU,366.25,1.41,+12.71%,11.09,358.59,74.3%,2023-06-16,360,1.81,347.5,0.4
TSLA,249.98,1.67,+12.53%,13.33,235.83,79.6%,2023-06-16,237.5,2.1,222.5,0.43
TGT,126.24,0.11,+12.36%,0.89,120.89,84.2%,2023-06-16,121,0.51,120,0.4
ABNB,124.3,0.33,+12.36%,2.67,118.67,80.9%,2023-06-16,119,0.62,116,0.29
QCOM,121.62,0.11,+12.36%,0.89,116.89,84.2%,2023-06-16,117,0.37,116,0.26
AMD,128.7,0.33,+12.36%,2.67,118.67,83.5%,2023-06-16,119,0.69,116,0.36
TSLA,249.98,0.27,+12.11%,2.23,232.23,85.2%,2023-06-16,232.5,1.22,230,0.95
TSM,107.32,0.32,+11.94%,2.68,101.68,83.1%,2023-06-16,102,0.5,99,0.18
PANW,228.59,0.97,+11.83%,8.2,221.53,79.2%,2023-06-16,222.5,1.17,213.33,0.2
LULU,366.25,1.52,+11.28%,13.48,358.48,74.6%,2023-06-16,360,1.81,345,0.29
TSLA,249.98,1.76,+11.18%,15.74,235.74,79.7%,2023-06-16,237.5,2.1,220,0.34
QCOM,121.62,0.2,+11.11%,1.8,116.8,84.7%,2023-06-16,117,0.37,115,0.17
ABNB,124.3,0.4,+11.11%,3.6,118.6,81.2%,2023-06-16,119,0.62,115,0.22
ADM,73.14,0.05,+11.11%,0.45,72.45,60.8%,2023-06-16,72.5,0.65,72,0.6
NFLX,422.05,0.25,+11.11%,2.25,402.25,84.7%,2023-06-16,402.5,1.37,400,1.12
GME,24.04,0.05,+11.11%,0.45,22.45,79.7%,2023-06-16,22.5,0.22,22,0.17
ABNB,124.3,0.69,+10.94%,6.31,119.31,78.0%,2023-06-16,120,0.83,113,0.14
TSLA,249.98,0.56,+10.63%,5.27,231.94,85.6%,2023-06-16,232.5,1.22,226.67,0.66
TSLA,249.98,1.83,+10.07%,18.17,235.67,79.8%,2023-06-16,237.5,2.1,217.5,0.27
NFLX,422.05,0.68,+9.97%,6.82,401.82,85.3%,2023-06-16,402.5,1.37,395,0.69
MU,67.11,0.09,+9.89%,0.91,63.91,85.5%,2023-06-16,64,0.21,63,0.12
TSM,107.32,0.09,+9.89%,0.91,100.91,86.2%,2023-06-16,101,0.34,100,0.25
AMD,128.7,0.09,+9.89%,0.91,117.91,85.3%,2023-06-16,118,0.54,117,0.45
AMD,128.7,0.18,+9.89%,1.82,117.82,85.5%,2023-06-16,118,0.54,116,0.36
TSLA,249.98,1.85,+9.75%,18.98,235.65,79.9%,2023-06-16,237.5,2.1,216.67,0.25
AMD,128.7,0.26,+9.49%,2.74,117.74,85.7%,2023-06-16,118,0.54,115,0.28
PANW,228.59,0.42,+9.17%,4.58,219.58,85.1%,2023-06-16,220,0.7,215,0.28
NVDA,389.66,0.21,+9.17%,2.29,367.29,87.7%,2023-06-16,367.5,1.08,365,0.87
TSLA,249.98,1.88,+9.12%,20.62,235.62,79.9%,2023-06-16,237.5,2.1,215,0.22
LULU,366.25,0.2,+8.70%,2.3,354.8,83.7%,2023-06-16,355,0.94,352.5,0.74
ABNB,124.3,0.48,+8.70%,5.52,118.52,81.6%,2023-06-16,119,0.62,113,0.14
QCOM,121.62,0.08,+8.70%,0.92,115.92,88.8%,2023-06-16,116,0.25,115,0.17
PANW,228.59,0.5,+8.10%,6.17,219.5,85.3%,2023-06-16,220,0.7,213.33,0.2
ABNB,124.3,0.51,+7.86%,6.49,118.49,81.7%,2023-06-16,119,0.62,112,0.11
LULU,366.25,0.54,+7.76%,6.96,354.46,84.4%,2023-06-16,355,0.94,347.5,0.4
PDD,76.09,0.07,+7.53%,0.93,70.93,85.9%,2023-06-16,71,0.29,70,0.22
TSLA,249.98,0.16,+6.84%,2.34,227.34,91.1%,2023-06-16,227.5,0.71,225,0.55
TSLA,249.98,0.05,+6.41%,0.78,227.45,91.0%,2023-06-16,227.5,0.71,226.67,0.66
NFLX,422.05,0.3,+6.38%,4.7,397.2,90.2%,2023-06-16,397.5,0.84,392.5,0.54
HPQ,30.39,0.03,+6.38%,0.47,29.47,86.8%,2023-06-16,29.5,0.1,29,0.07
ATVI,79.82,0.03,+6.38%,0.47,77.97,82.1%,2023-06-16,78,0.18,77.5,0.15
NFLX,422.05,0.15,+6.38%,2.35,397.35,90.1%,2023-06-16,397.5,0.84,395,0.69
NFLX,422.05,0.42,+5.93%,7.08,397.08,90.3%,2023-06-16,397.5,0.84,390,0.42
PANW,228.59,0.14,+5.93%,2.36,217.36,90.4%,2023-06-16,217.5,0.42,215,0.28
PANW,228.59,0.22,+5.57%,3.95,217.28,90.5%,2023-06-16,217.5,0.42,213.33,0.2
TGT,126.24,0.17,+4.44%,3.83,118.83,92.0%,2023-06-16,119,0.29,115,0.12
LULU,366.25,0.09,+3.73%,2.41,349.91,92.1%,2023-06-16,350,0.49,347.5,0.4
ABNB,124.3,0.07,+3.63%,1.93,114.93,93.0%,2023-06-16,115,0.21,113,0.14
ABNB,124.3,0.1,+3.45%,2.9,114.9,93.1%,2023-06-16,115,0.21,112,0.11
NVDA,389.66,0.07,+2.88%,2.43,357.43,95.5%,2023-06-16,357.5,0.41,355,0.34
NVDA,389.66,0.19,+2.60%,7.31,357.31,95.5%,2023-06-16,357.5,0.41,350,0.22
NVDA,389.66,0.05,+2.04%,2.45,352.45,97.5%,2023-06-16,352.5,0.27,350,0.22
NVDA,389.66,0.12,+1.63%,7.38,352.38,97.6%,2023-06-16,352.5,0.27,345,0.15
"Downloaded from Barchart.com as of 06-12-2023 02:37pm CDT"
